underlying,symbol,side,entry_date,exit_date,entry_time,exit_time,entry_price,exit_price,qty,entry_support,entry_resistance,entry_support_distance%,entry_resistance_distance%,exit_reason
NIFTY50,APOLLOHOSP,BUY,2024-01-01,2024-01-01,13:30,14:00,5724.5,5742.05,100,5710.0,5742.05,0.25,0.31,Target hit
NIFTY50,BEL,BUY,2024-01-01,2024-01-01,13:30,14:00,112.0,113.0,1000,111.0,113.0,0.9,0.88,Target hit
NIFTY50,HDFCBANK,BUY,2024-01-01,2024-01-01,13:30,14:00,1670.0,1675.0,100,1665.0,1675.0,0.3,0.3,Target hit
NIFTY50,TATAMOTORS,BUY,2024-01-01,2024-01-01,13:30,14:00,600.0,605.0,100,595.0,605.0,0.84,0.83,Target hit
NIFTY50,INFY,BUY,2024-01-01,2024-01-01,13:30,14:00,1500.0,1510.0,100,1495.0,1510.0,0.33,0.66,Target hit
NIFTY50,RELIANCE,BUY,2024-01-01,2024-01-01,13:30,14:00,2500.0,2520.0,100,2490.0,2520.0,0.4,0.6,Target hit
NIFTY50,TCS,BUY,2024-01-01,2024-01-01,13:30,14:00,3500.0,3520.0,100,3480.0,3520.0,0.57,0.57,Target hit
NIFTY50,HINDUNILVR,BUY,2024-01-01,2024-01-01,13:30,14:00,2500.0,2520.0,100,2490.0,2520.0,0.4,0.6,Target hit
NIFTY50,TATAMOTORS,SELL,2024-01-15,2024-01-15,13:20,13:50,1142.02,1137.98,100,1136.6,1144.76,0.47,0.24,Target hit
NIFTY50,SBIN,BUY,2024-01-15,2024-01-15,14:25,15:40,3027.0,3051.67,500,2979.11,3074.46,1.58,1.57,Target hit
NIFTY50,AXISBANK,BUY,2024-01-15,2024-01-15,10:55,11:40,2336.71,2352.64,25,2308.8,2383.08,1.19,1.98,Target hit
NIFTY50,INFY,SELL,2024-01-15,2024-01-15,09:30,10:45,2881.08,2878.51,25,2811.43,2939.85,2.42,2.04,Target hit
NIFTY50,KOTAKBANK,BUY,2024-01-15,2024-01-15,12:30,13:45,2894.82,2877.71,200,2834.03,2909.76,2.1,0.52,Stoploss hit
NIFTY50,TCS,BUY,2024-01-15,2024-01-15,12:25,12:10,1227.8,1227.6,50,1201.75,1242.28,2.12,1.18,Stoploss hit
NIFTY50,HDFCBANK,SELL,2024-01-15,2024-01-15,14:30,15:45,3726.56,3698.88,50,3636.87,3805.82,2.41,2.13,Target hit
NIFTY50,ITC,BUY,2024-01-15,2024-01-15,09:15,09:00,2399.44,2422.29,100,2372.65,2424.58,1.12,1.05,Target hit
NIFTY50,INFY,SELL,2024-01-15,2024-01-15,09:50,09:20,3051.53,3035.02,50,3022.22,3063.06,0.96,0.38,Target hit
NIFTY50,RELIANCE,BUY,2024-01-15,2024-01-15,13:10,14:40,1588.44,1596.98,500,1553.03,1608.03,2.23,1.23,Target hit
NIFTY50,INFY,SELL,2024-01-15,2024-01-15,14:30,14:45,2464.47,2459.62,25,2419.97,2473.49,1.81,0.37,Target hit
NIFTY50,HDFCBANK,SELL,2024-01-15,2024-01-15,13:30,13:45,2934.31,2921.73,500,2893.35,2951.54,1.4,0.59,Target hit
NIFTY50,TATAMOTORS,BUY,2024-01-15,2024-01-15,10:45,10:15,1064.27,1068.96,100,1047.03,1087.6,1.62,2.19,Target hit
NIFTY50,KOTAKBANK,BUY,2024-01-15,2024-01-15,14:00,14:15,1747.04,1747.3,500,1718.14,1748.81,1.65,0.1,Target hit
NIFTY50,ITC,BUY,2024-01-15,2024-01-15,11:40,12:55,1076.3,1073.93,25,1057.33,1084.33,1.76,0.75,Stoploss hit
NIFTY50,HDFCBANK,BUY,2024-01-15,2024-01-15,12:55,13:40,3901.24,3899.86,25,3850.78,3933.31,1.29,0.82,Stoploss hit
NIFTY50,BHARTIARTL,BUY,2024-01-15,2024-01-15,10:55,11:40,2633.48,2650.02,200,2613.23,2693.51,0.77,2.28,Target hit
NIFTY50,KOTAKBANK,SELL,2024-01-15,2024-01-15,12:30,12:15,1347.19,1349.91,500,1338.02,1374.51,0.68,2.03,Stoploss hit
NIFTY50,HDFCBANK,SELL,2024-01-15,2024-01-15,09:40,10:25,1895.89,1877.64,100,1885.5,1899.64,0.55,0.2,Target hit
NIFTY50,KOTAKBANK,BUY,2024-01-15,2024-01-15,12:40,12:25,1292.74,1294.7,200,1262.38,1298.29,2.35,0.43,Target hit
NIFTY50,ITC,BUY,2024-01-15,2024-01-15,14:45,14:30,3736.43,3778.77,50,3673.51,3813.45,1.68,2.06,Target hit
NIFTY50,RELIANCE,BUY,2024-01-15,2024-01-15,13:50,13:05,3640.26,3701.2,100,3612.25,3705.08,0.77,1.78,Target hit
NIFTY50,HDFCBANK,SELL,2024-01-15,2024-01-15,12:50,12:20,3229.56,3206.63,25,3174.48,3277.8,1.71,1.49,Target hit
NIFTY50,TCS,BUY,2024-01-15,2024-01-15,14:10,15:25,2420.57,2435.82,25,2405.12,2464.36,0.64,1.81,Target hit
NIFTY50,ICICIBANK,BUY,2024-01-15,2024-01-15,11:00,12:15,1782.64,1779.44,500,1757.65,1806.19,1.4,1.32,Stoploss hit
NIFTY50,INFY,SELL,2024-01-15,2024-01-15,10:20,11:35,2708.99,2689.33,500,2668.77,2743.72,1.48,1.28,Target hit
NIFTY50,AXISBANK,SELL,2024-01-15,2024-01-15,11:00,12:15,1482.7,1466.51,200,1445.83,1500.91,2.49,1.23,Target hit
NIFTY50,ITC,SELL,2024-01-15,2024-01-15,14:20,14:05,1657.63,1642.95,500,1616.97,1662.28,2.45,0.28,Target hit
NIFTY50,ICICIBANK,BUY,2024-01-15,2024-01-15,11:05,11:35,1439.66,1439.45,50,1405.88,1465.15,2.35,1.77,Stoploss hit
NIFTY50,LT,BUY,2024-01-15,2024-01-15,09:40,09:10,1628.93,1633.66,50,1613.24,1642.03,0.96,0.8,Target hit
NIFTY50,INFY,BUY,2024-01-15,2024-01-15,12:45,12:00,2640.3,2638.69,200,2597.87,2655.25,1.61,0.57,Stoploss hit
NIFTY50,INFY,BUY,2024-01-15,2024-01-15,10:30,10:00,1814.54,1811.57,500,1798.44,1823.11,0.89,0.47,Stoploss hit
NIFTY50,SBIN,SELL,2024-01-15,2024-01-15,12:45,13:30,606.75,600.51,200,600.9,609.21,0.96,0.4,Target hit
NIFTY50,AXISBANK,SELL,2024-01-15,2024-01-15,13:15,14:00,798.72,792.51,500,784.51,802.17,1.78,0.43,Target hit
NIFTY50,TCS,BUY,2024-01-15,2024-01-15,09:35,09:20,1630.35,1633.39,500,1611.54,1635.05,1.15,0.29,Target hit
NIFTY50,RELIANCE,BUY,2024-01-15,2024-01-15,10:25,11:40,1047.53,1051.91,500,1029.88,1055.61,1.68,0.77,Target hit
NIFTY50,TATAMOTORS,SELL,2024-01-15,2024-01-15,13:30,13:00,2024.86,2019.28,200,2005.53,2063.71,0.95,1.92,Target hit
NIFTY50,KOTAKBANK,SELL,2024-01-15,2024-01-15,12:00,13:30,3324.2,3289.94,500,3269.03,3331.35,1.66,0.22,Target hit
NIFTY50,HDFCBANK,BUY,2024-01-15,2024-01-15,10:10,11:25,1811.14,1824.63,50,1785.89,1842.69,1.39,1.74,Target hit
NIFTY50,RELIANCE,SELL,2024-01-15,2024-01-15,12:35,13:05,2727.41,2709.19,500,2687.15,2738.55,1.48,0.41,Target hit
NIFTY50,INFY,SELL,2024-01-15,2024-01-15,09:15,10:45,2690.79,2691.63,500,2674.75,2711.17,0.6,0.76,Stoploss hit
NIFTY50,INFY,SELL,2024-01-15,2024-01-15,10:35,10:05,1677.94,1676.2,100,1648.81,1693.33,1.74,0.92,Target hit
NIFTY50,ITC,BUY,2024-01-15,2024-01-15,10:50,10:05,2925.12,2931.72,100,2865.78,2947.84,2.03,0.78,Target hit
NIFTY50,RELIANCE,SELL,2024-01-15,2024-01-15,09:30,10:15,946.91,943.91,25,924.81,967.37,2.33,2.16,Target hit
NIFTY50,TATAMOTORS,SELL,2024-01-15,2024-01-15,09:15,09:45,3140.9,3135.44,200,3100.33,3173.41,1.29,1.04,Target hit
NIFTY50,AXISBANK,SELL,2024-01-15,2024-01-15,09:30,10:00,3465.0,3450.49,50,3405.26,3508.59,1.72,1.26,Target hit
NIFTY50,ICICIBANK,BUY,2024-01-15,2024-01-15,12:50,12:05,2608.54,2621.41,50,2556.38,2660.59,2.0,2.0,Target hit
NIFTY50,ICICIBANK,SELL,2024-01-15,2024-01-15,11:05,11:20,2410.71,2405.99,500,2364.24,2448.88,1.93,1.58,Target hit
NIFTY50,SBIN,BUY,2024-01-15,2024-01-15,10:40,11:25,2953.39,2932.12,200,2900.38,2962.11,1.79,0.3,Stoploss hit
NIFTY50,RELIANCE,SELL,2024-01-15,2024-01-15,12:15,13:00,3951.0,3957.41,100,3901.38,3990.8,1.26,1.01,Stoploss hit
NIFTY50,KOTAKBANK,SELL,2024-01-15,2024-01-15,11:05,12:35,889.19,887.0,25,887.1,892.62,0.24,0.39,Target hit
NIFTY50,INFY,SELL,2024-01-15,2024-01-15,12:00,12:15,3867.6,3885.34,200,3842.98,3960.88,0.64,2.41,Stoploss hit
NIFTY50,ICICIBANK,BUY,2024-01-15,2024-01-15,12:20,13:05,3736.25,3723.92,25,3670.16,3746.75,1.77,0.28,Stoploss hit
NIFTY50,ICICIBANK,SELL,2024-01-15,2024-01-15,09:50,10:20,1844.71,1837.65,200,1800.78,1885.97,2.38,2.24,Target hit
NIFTY50,BHARTIARTL,SELL,2024-01-15,2024-01-15,12:15,13:45,1470.83,1475.51,100,1461.27,1481.69,0.65,0.74,Stoploss hit
NIFTY50,SBIN,BUY,2024-01-15,2024-01-15,13:15,13:30,1479.17,1476.52,50,1472.97,1483.36,0.42,0.28,Stoploss hit
NIFTY50,INFY,SELL,2024-01-15,2024-01-15,10:45,11:15,2646.95,2623.12,25,2589.29,2652.47,2.18,0.21,Target hit
NIFTY50,TCS,SELL,2024-01-15,2024-01-15,13:45,13:00,1026.46,1020.98,500,1001.54,1048.23,2.43,2.12,Target hit
NIFTY50,RELIANCE,BUY,2024-01-15,2024-01-15,09:20,10:05,1951.87,1973.18,500,1909.41,1991.9,2.18,2.05,Target hit
NIFTY50,KOTAKBANK,SELL,2024-01-15,2024-01-15,14:40,15:55,1365.72,1353.84,25,1333.08,1386.95,2.39,1.55,Target hit
NIFTY50,RELIANCE,SELL,2024-01-15,2024-01-15,10:45,11:15,664.14,659.62,500,651.16,673.09,1.95,1.35,Target hit
NIFTY50,LT,BUY,2024-01-15,2024-01-15,13:20,14:50,969.05,979.34,200,949.36,991.03,2.03,2.27,Target hit
NIFTY50,TCS,BUY,2024-01-15,2024-01-15,14:50,14:35,2564.71,2581.21,50,2517.44,2600.97,1.84,1.41,Target hit
NIFTY50,INFY,SELL,2024-01-15,2024-01-15,10:35,10:05,3287.65,3261.85,500,3223.69,3296.17,1.95,0.26,Target hit
NIFTY50,TCS,SELL,2024-01-15,2024-01-15,14:50,14:35,1715.95,1711.18,200,1711.11,1722.97,0.28,0.41,Target hit
NIFTY50,BHARTIARTL,BUY,2024-01-15,2024-01-15,11:05,11:35,3560.11,3575.26,50,3537.43,3633.89,0.64,2.07,Target hit
NIFTY50,AXISBANK,BUY,2024-01-15,2024-01-15,14:00,14:15,611.32,615.34,100,605.48,625.05,0.95,2.25,Target hit
NIFTY50,ITC,BUY,2024-01-15,2024-01-15,14:35,15:20,2184.01,2171.1,50,2133.56,2189.39,2.31,0.25,Stoploss hit
NIFTY50,HDFCBANK,SELL,2024-01-15,2024-01-15,13:15,13:00,3118.91,3130.23,50,3088.06,3158.3,0.99,1.26,Stoploss hit
NIFTY50,KOTAKBANK,BUY,2024-01-15,2024-01-15,11:30,12:15,1383.53,1390.64,50,1364.48,1388.47,1.38,0.36,Target hit
NIFTY50,SBIN,BUY,2024-01-15,2024-01-15,09:30,09:00,1348.65,1357.91,25,1329.04,1377.21,1.45,2.12,Target hit
NIFTY50,RELIANCE,BUY,2024-01-15,2024-01-15,10:10,10:25,2158.89,2161.07,50,2131.89,2191.32,1.25,1.5,Target hit
NIFTY50,BHARTIARTL,SELL,2024-01-15,2024-01-15,10:40,10:10,2475.6,2458.58,500,2419.68,2514.18,2.26,1.56,Target hit
NIFTY50,ITC,BUY,2024-01-15,2024-01-15,14:25,14:55,856.24,853.23,25,851.55,862.95,0.55,0.78,Stoploss hit
NIFTY50,TATAMOTORS,BUY,2024-01-15,2024-01-15,13:15,14:00,563.85,565.2,100,551.15,572.21,2.25,1.48,Target hit
NIFTY50,ITC,SELL,2024-01-15,2024-01-15,10:10,10:25,2372.63,2364.92,100,2359.61,2393.43,0.55,0.88,Target hit
NIFTY50,HDFCBANK,BUY,2024-01-15,2024-01-15,09:45,10:15,1348.43,1363.3,25,1328.28,1354.78,1.49,0.47,Target hit
NIFTY50,SBIN,BUY,2024-01-15,2024-01-15,10:55,11:10,970.45,962.99,500,953.54,973.47,1.74,0.31,Stoploss hit
NIFTY50,ITC,SELL,2024-01-15,2024-01-15,14:30,14:00,2584.74,2595.33,500,2575.53,2640.09,0.36,2.14,Stoploss hit
NIFTY50,BHARTIARTL,SELL,2024-01-15,2024-01-15,11:10,11:40,1217.51,1212.72,100,1214.88,1241.56,0.22,1.98,Target hit
NIFTY50,ITC,SELL,2024-01-15,2024-01-15,11:20,11:35,3298.38,3300.61,50,3276.42,3351.85,0.67,1.62,Stoploss hit
NIFTY50,ITC,SELL,2024-01-15,2024-01-15,14:10,14:40,2081.82,2067.85,25,2052.77,2105.82,1.4,1.15,Target hit
NIFTY50,ITC,BUY,2024-01-15,2024-01-15,10:20,11:05,1870.19,1884.39,50,1843.95,1891.43,1.4,1.14,Target hit
NIFTY50,HDFCBANK,SELL,2024-01-15,2024-01-15,12:30,12:45,2670.25,2676.57,500,2657.86,2692.9,0.46,0.85,Stoploss hit
NIFTY50,LT,SELL,2024-01-15,2024-01-15,14:05,15:20,617.36,609.26,500,603.76,623.05,2.2,0.92,Target hit
NIFTY50,HDFCBANK,SELL,2024-01-15,2024-01-15,11:10,12:40,3020.13,3019.59,100,2998.86,3048.21,0.7,0.93,Target hit
NIFTY50,KOTAKBANK,BUY,2024-01-15,2024-01-15,10:50,11:20,1295.73,1298.88,200,1276.2,1312.76,1.51,1.31,Target hit
NIFTY50,LT,SELL,2024-01-15,2024-01-15,12:20,13:35,2477.97,2459.52,200,2433.43,2489.52,1.8,0.47,Target hit
NIFTY50,KOTAKBANK,BUY,2024-01-15,2024-01-15,14:35,14:05,770.62,767.15,200,753.01,773.67,2.29,0.39,Stoploss hit
NIFTY50,SBIN,SELL,2024-01-15,2024-01-15,14:30,14:15,1662.51,1657.88,25,1644.93,1666.36,1.06,0.23,Target hit
NIFTY50,KOTAKBANK,SELL,2024-01-15,2024-01-15,09:15,09:30,516.21,516.81,100,505.0,528.16,2.17,2.32,Stoploss hit
NIFTY50,RELIANCE,SELL,2024-01-15,2024-01-15,11:10,12:25,614.96,619.37,25,606.99,621.76,1.3,1.11,Stoploss hit
NIFTY50,RELIANCE,SELL,2024-01-15,2024-01-15,10:55,11:10,1471.56,1456.0,200,1451.89,1507.48,1.34,2.44,Target hit
NIFTY50,BHARTIARTL,BUY,2024-01-15,2024-01-15,13:30,13:15,2583.85,2568.86,500,2531.67,2608.1,2.02,0.94,Stoploss hit
NIFTY50,RELIANCE,BUY,2024-01-15,2024-01-15,11:05,11:35,2152.23,2145.13,100,2113.2,2181.64,1.81,1.37,Stoploss hit
NIFTY50,HDFCBANK,BUY,2024-01-15,2024-01-15,11:45,12:30,3516.25,3562.72,200,3458.39,3554.26,1.65,1.08,Target hit
NIFTY50,TCS,SELL,2024-01-15,2024-01-15,09:30,09:15,1927.95,1912.62,100,1894.93,1930.79,1.71,0.15,Target hit
NIFTY50,INFY,SELL,2024-01-15,2024-01-15,10:10,11:40,1333.64,1330.18,200,1313.0,1360.8,1.55,2.04,Target hit
NIFTY50,HDFCBANK,SELL,2024-01-15,2024-01-15,10:30,11:15,1217.45,1205.68,25,1194.73,1243.44,1.87,2.14,Target hit
NIFTY50,ICICIBANK,BUY,2024-01-15,2024-01-15,10:10,10:55,1407.98,1421.69,25,1397.52,1430.48,0.74,1.6,Target hit
NIFTY50,TCS,SELL,2024-01-15,2024-01-15,10:25,11:40,1268.29,1258.58,25,1240.58,1284.39,2.18,1.27,Target hit
NIFTY50,TCS,BUY,2024-01-15,2024-01-15,10:40,10:55,1440.37,1453.55,200,1434.11,1470.67,0.43,2.1,Target hit
NIFTY50,KOTAKBANK,BUY,2024-01-15,2024-01-15,13:50,14:20,1100.88,1104.67,500,1085.78,1123.51,1.37,2.06,Target hit
NIFTY50,ITC,BUY,2024-01-15,2024-01-15,13:45,14:00,3020.71,3028.2,100,2998.57,3043.05,0.73,0.74,Target hit
NIFTY50,BHARTIARTL,BUY,2024-01-15,2024-01-15,13:30,14:45,2715.84,2714.17,50,2658.5,2744.92,2.11,1.07,Stoploss hit
NIFTY50,AXISBANK,SELL,2024-01-15,2024-01-15,13:15,13:45,1145.3,1141.11,100,1142.28,1169.45,0.26,2.11,Target hit
NIFTY50,HDFCBANK,SELL,2024-01-15,2024-01-15,11:25,12:10,1539.93,1540.48,200,1513.86,1576.09,1.69,2.35,Stoploss hit
NIFTY50,HDFCBANK,BUY,2024-01-15,2024-01-15,09:50,09:35,3445.35,3479.11,500,3414.27,3512.54,0.9,1.95,Target hit
NIFTY50,ITC,BUY,2024-01-15,2024-01-15,09:50,10:20,3048.66,3044.06,100,3011.98,3057.27,1.2,0.28,Stoploss hit
NIFTY50,LT,SELL,2024-01-15,2024-01-15,09:30,09:15,3265.05,3282.03,100,3254.99,3343.4,0.31,2.4,Stoploss hit
NIFTY50,BHARTIARTL,SELL,2024-01-15,2024-01-15,13:25,14:55,3156.63,3119.7,25,3079.18,3228.22,2.45,2.27,Target hit
NIFTY50,KOTAKBANK,BUY,2024-01-15,2024-01-15,09:30,10:45,2969.51,2987.47,500,2932.82,2994.78,1.24,0.85,Target hit
NIFTY50,TATAMOTORS,BUY,2024-01-15,2024-01-15,10:50,10:05,3735.39,3755.32,50,3689.14,3816.4,1.24,2.17,Target hit
NIFTY50,TATAMOTORS,BUY,2024-01-15,2024-01-15,11:55,12:10,2586.94,2615.56,50,2579.58,2632.76,0.28,1.77,Target hit
NIFTY50,TATAMOTORS,BUY,2024-01-15,2024-01-15,09:15,09:45,2503.5,2520.39,50,2481.84,2543.61,0.87,1.6,Target hit
NIFTY50,TATAMOTORS,BUY,2024-01-15,2024-01-15,11:30,11:45,3966.19,4013.27,100,3925.68,4058.93,1.02,2.34,Target hit
NIFTY50,TATAMOTORS,BUY,2024-01-15,2024-01-15,09:20,10:35,684.39,682.89,200,674.17,689.54,1.49,0.75,Stoploss hit
NIFTY50,ICICIBANK,SELL,2024-01-15,2024-01-15,13:35,14:05,511.71,510.63,25,507.56,515.09,0.81,0.66,Target hit
NIFTY50,RELIANCE,SELL,2024-01-15,2024-01-15,09:40,10:25,657.85,653.98,100,642.2,670.93,2.38,1.99,Target hit
NIFTY50,TCS,BUY,2024-01-15,2024-01-15,11:35,12:50,3969.09,3971.53,500,3903.24,4030.95,1.66,1.56,Target hit
NIFTY50,KOTAKBANK,BUY,2024-01-15,2024-01-15,09:15,10:00,1844.32,1844.18,25,1805.9,1881.61,2.08,2.02,Stoploss hit
NIFTY50,INFY,SELL,2024-01-15,2024-01-15,11:45,11:15,2337.61,2329.62,100,2307.72,2395.84,1.28,2.49,Target hit
NIFTY50,INFY,BUY,2024-01-15,2024-01-15,09:40,10:10,1283.36,1277.57,500,1255.59,1298.73,2.16,1.2,Stoploss hit
NIFTY50,ITC,BUY,2024-01-15,2024-01-15,10:40,10:55,3482.68,3470.58,200,3433.15,3493.43,1.42,0.31,Stoploss hit
NIFTY50,SBIN,BUY,2024-01-15,2024-01-15,10:05,11:20,3031.97,3010.08,500,3012.92,3084.72,0.63,1.74,Stoploss hit
NIFTY50,INFY,SELL,2024-01-15,2024-01-15,10:35,10:50,1717.33,1724.09,100,1704.61,1755.26,0.74,2.21,Stoploss hit
NIFTY50,BHARTIARTL,BUY,2024-01-15,2024-01-15,09:50,09:05,1050.69,1044.43,500,1026.19,1054.41,2.33,0.35,Stoploss hit
NIFTY50,LT,SELL,2024-01-15,2024-01-15,10:45,11:30,2129.15,2126.14,50,2115.33,2177.71,0.65,2.28,Target hit
NIFTY50,HDFCBANK,SELL,2024-01-15,2024-01-15,12:30,13:45,3148.23,3157.75,200,3098.46,3225.51,1.58,2.45,Stoploss hit
NIFTY50,BHARTIARTL,SELL,2024-01-15,2024-01-15,11:30,12:45,949.57,938.38,200,926.67,958.31,2.41,0.92,Target hit
NIFTY50,ICICIBANK,BUY,2024-01-15,2024-01-15,12:05,13:50,3780.3,3806.26,50,3761.42,3854.03,0.5,1.95,Target hit
NIFTY50,BHARTIARTL,BUY,2024-01-15,2024-01-15,13:55,14:40,3550.38,3604.49,500,3535.74,3618.54,0.41,1.92,Target hit
NIFTY50,LT,SELL,2024-01-15,2024-01-15,11:50,12:35,1801.42,1802.77,500,1780.34,1815.05,1.17,0.76,Stoploss hit
NIFTY50,LT,BUY,2024-01-15,2024-01-15,14:15,15:00,788.33,794.88,200,782.38,807.11,0.76,2.38,Target hit
NIFTY50,BHARTIARTL,BUY,2024-01-15,2024-01-15,13:50,14:20,3802.66,3792.51,50,3729.48,3846.82,1.92,1.16,Stoploss hit
NIFTY50,INFY,BUY,2024-01-15,2024-01-15,12:05,12:50,2780.83,2763.17,25,2713.44,2796.0,2.42,0.55,Stoploss hit
NIFTY50,ICICIBANK,BUY,2024-01-15,2024-01-15,10:15,10:00,2087.93,2086.99,25,2045.91,2104.76,2.01,0.81,Stoploss hit
NIFTY50,AXISBANK,BUY,2024-01-15,2024-01-15,09:55,09:25,2454.44,2443.7,100,2417.71,2472.74,1.5,0.75,Stoploss hit
NIFTY50,RELIANCE,BUY,2024-01-15,2024-01-15,10:25,11:10,753.56,755.26,25,740.24,769.87,1.77,2.16,Target hit
NIFTY50,AXISBANK,SELL,2024-01-15,2024-01-15,14:25,15:40,998.73,992.41,200,984.32,999.97,1.44,0.12,Target hit
NIFTY50,RELIANCE,BUY,2024-01-15,2024-01-15,13:00,13:30,807.53,813.8,50,799.03,810.91,1.05,0.42,Target hit
NIFTY50,TCS,BUY,2024-01-15,2024-01-15,11:10,11:40,2846.35,2865.78,25,2802.87,2891.32,1.53,1.58,Target hit
NIFTY50,TCS,SELL,2024-01-15,2024-01-15,12:15,13:00,3815.73,3781.02,50,3737.29,3826.88,2.06,0.29,Target hit
NIFTY50,SBIN,BUY,2024-01-15,2024-01-15,09:55,10:25,2752.52,2766.8,200,2744.38,2759.26,0.3,0.24,Target hit
NIFTY50,ITC,SELL,2024-01-15,2024-01-15,14:15,14:30,1267.25,1245.1,50,1241.96,1288.55,2.0,1.68,Target hit
NIFTY50,INFY,BUY,2024-01-15,2024-01-15,09:50,09:20,3987.17,3991.14,25,3944.59,4012.26,1.07,0.63,Target hit
NIFTY50,TATAMOTORS,BUY,2024-01-15,2024-01-15,10:35,11:50,3538.95,3553.11,200,3506.03,3574.01,0.93,0.99,Target hit
NIFTY50,KOTAKBANK,SELL,2024-01-15,2024-01-15,10:05,11:35,2203.34,2188.11,50,2166.5,2258.01,1.67,2.48,Target hit
NIFTY50,SBIN,BUY,2024-01-15,2024-01-15,10:35,10:20,1843.47,1869.54,50,1831.19,1879.64,0.67,1.96,Target hit
NIFTY50,AXISBANK,BUY,2024-01-15,2024-01-15,13:20,14:35,2294.15,2280.1,500,2267.79,2301.81,1.15,0.33,Stoploss hit
NIFTY50,BHARTIARTL,SELL,2024-01-15,2024-01-15,14:00,14:15,2819.17,2807.65,200,2750.76,2839.46,2.43,0.72,Target hit
NIFTY50,BHARTIARTL,BUY,2024-01-15,2024-01-15,11:45,11:15,1329.6,1342.92,50,1322.85,1347.51,0.51,1.35,Target hit
NIFTY50,AXISBANK,SELL,2024-01-15,2024-01-15,12:35,12:50,2008.11,1993.01,500,1993.93,2027.43,0.71,0.96,Target hit
NIFTY50,AXISBANK,BUY,2024-01-15,2024-01-15,12:35,13:20,3454.6,3428.98,500,3379.15,3475.12,2.18,0.59,Stoploss hit
NIFTY50,HDFCBANK,BUY,2024-01-15,2024-01-15,13:15,14:30,699.8,700.54,200,688.36,704.28,1.64,0.64,Target hit
NIFTY50,KOTAKBANK,BUY,2024-01-15,2024-01-15,11:50,12:20,2179.64,2191.44,100,2160.56,2232.72,0.88,2.44,Target hit
NIFTY50,TCS,BUY,2024-01-15,2024-01-15,14:15,15:45,2362.86,2372.78,500,2349.05,2403.41,0.58,1.72,Target hit
NIFTY50,SBIN,BUY,2024-01-15,2024-01-15,10:50,11:20,2815.71,2850.63,25,2779.3,2860.28,1.29,1.58,Target hit
NIFTY50,AXISBANK,BUY,2024-01-15,2024-01-15,12:00,12:45,3284.29,3310.49,200,3206.84,3352.74,2.36,2.08,Target hit
NIFTY50,TCS,SELL,2024-01-15,2024-01-15,09:15,09:30,668.74,660.0,500,654.1,681.97,2.19,1.98,Target hit
NIFTY50,ITC,BUY,2024-01-15,2024-01-15,14:15,15:00,2776.79,2786.37,100,2720.18,2830.37,2.04,1.93,Target hit
NIFTY50,RELIANCE,BUY,2024-01-15,2024-01-15,09:20,09:35,2405.71,2426.75,500,2382.15,2430.99,0.98,1.05,Target hit
NIFTY50,INFY,BUY,2024-01-15,2024-01-15,09:15,09:45,2070.43,2093.2,25,2064.72,2102.48,0.28,1.55,Target hit
NIFTY50,INFY,BUY,2024-01-15,2024-01-15,10:25,11:40,3830.17,3847.32,500,3751.54,3844.02,2.05,0.36,Target hit
NIFTY50,TCS,BUY,2024-01-15,2024-01-15,12:50,13:35,1361.24,1371.08,25,1333.32,1386.07,2.05,1.82,Target hit
NIFTY50,HDFCBANK,SELL,2024-01-15,2024-01-15,13:25,13:55,710.94,710.25,500,707.39,722.18,0.5,1.58,Target hit
NIFTY50,HDFCBANK,SELL,2024-01-15,2024-01-15,12:10,13:40,3753.62,3749.08,25,3694.88,3821.89,1.56,1.82,Target hit
NIFTY50,LT,BUY,2024-01-15,2024-01-15,13:30,13:45,3507.96,3488.99,200,3456.68,3533.06,1.46,0.72,Stoploss hit
NIFTY50,HDFCBANK,BUY,2024-01-15,2024-01-15,09:55,10:10,3320.97,3361.22,200,3267.19,3400.12,1.62,2.38,Target hit
NIFTY50,ITC,SELL,2024-01-15,2024-01-15,10:40,10:10,2763.12,2736.37,50,2700.67,2789.32,2.26,0.95,Target hit
NIFTY50,LT,SELL,2024-01-15,2024-01-15,11:15,12:00,1461.82,1456.25,50,1436.94,1466.63,1.7,0.33,Target hit
NIFTY50,ICICIBANK,BUY,2024-01-15,2024-01-15,10:00,10:15,3079.06,3108.46,100,3068.91,3083.88,0.33,0.16,Target hit
NIFTY50,AXISBANK,BUY,2024-01-15,2024-01-15,09:40,10:55,2732.86,2717.98,500,2665.34,2744.54,2.47,0.43,Stoploss hit
NIFTY50,TATAMOTORS,SELL,2024-01-15,2024-01-15,12:10,13:40,555.37,551.68,500,550.32,568.0,0.91,2.27,Target hit
NIFTY50,HDFCBANK,BUY,2024-01-15,2024-01-15,11:40,12:55,3629.67,3642.94,50,3606.29,3664.22,0.64,0.95,Target hit
NIFTY50,AXISBANK,SELL,2024-01-15,2024-01-15,13:35,14:05,1317.99,1313.32,50,1295.16,1326.61,1.73,0.65,Target hit
NIFTY50,INFY,BUY,2024-01-15,2024-01-15,12:05,13:20,683.19,686.04,50,666.18,691.19,2.49,1.17,Target hit
NIFTY50,HDFCBANK,SELL,2024-01-15,2024-01-15,09:30,10:00,2722.36,2742.01,200,2713.32,2754.51,0.33,1.18,Stoploss hit
NIFTY50,RELIANCE,BUY,2024-01-15,2024-01-15,11:30,12:15,3934.33,3974.8,25,3916.0,4031.98,0.47,2.48,Target hit
NIFTY50,ICICIBANK,BUY,2024-01-15,2024-01-15,09:20,10:50,1399.67,1405.49,200,1392.91,1403.19,0.48,0.25,Target hit
NIFTY50,RELIANCE,BUY,2024-01-15,2024-01-15,09:20,10:05,1695.86,1700.51,50,1684.44,1718.3,0.67,1.32,Target hit
NIFTY50,HDFCBANK,SELL,2024-01-15,2024-01-15,14:50,14:20,1066.17,1057.63,200,1050.61,1077.25,1.46,1.04,Target hit
NIFTY50,RELIANCE,BUY,2024-01-15,2024-01-15,11:35,12:05,3361.07,3365.8,500,3299.52,3375.83,1.83,0.44,Target hit
NIFTY50,INFY,BUY,2024-01-15,2024-01-15,10:15,11:45,2932.33,2921.87,25,2871.51,2944.59,2.07,0.42,Stoploss hit
NIFTY50,HDFCBANK,SELL,2024-01-15,2024-01-15,14:15,14:00,987.19,985.33,50,976.76,991.65,1.06,0.45,Target hit
NIFTY50,HDFCBANK,BUY,2024-01-15,2024-01-15,12:55,13:10,3870.9,3887.81,500,3780.03,3956.17,2.35,2.2,Target hit
NIFTY50,AXISBANK,SELL,2024-01-15,2024-01-15,11:05,12:50,501.16,500.41,50,498.83,502.4,0.46,0.25,Target hit
NIFTY50,LT,SELL,2024-01-15,2024-01-15,09:30,09:45,2668.24,2647.04,100,2656.46,2678.68,0.44,0.39,Target hit
NIFTY50,TATAMOTORS,SELL,2024-01-15,2024-01-15,12:15,12:30,718.02,714.91,50,713.29,722.54,0.66,0.63,Target hit
NIFTY50,ICICIBANK,SELL,2024-01-15,2024-01-15,13:10,13:55,2074.25,2080.28,500,2051.56,2117.52,1.09,2.09,Stoploss hit
NIFTY50,SBIN,SELL,2024-01-15,2024-01-15,14:50,14:20,1370.03,1367.26,500,1342.67,1390.54,2.0,1.5,Target hit
NIFTY50,RELIANCE,BUY,2024-01-15,2024-01-15,13:20,13:50,3420.06,3432.43,25,3411.34,3426.98,0.26,0.2,Target hit
NIFTY50,INFY,BUY,2024-01-15,2024-01-15,13:15,14:00,2761.32,2761.72,50,2748.66,2772.51,0.46,0.41,Target hit
NIFTY50,BHARTIARTL,SELL,2024-01-15,2024-01-15,13:25,14:40,2649.28,2617.61,25,2585.84,2660.4,2.39,0.42,Target hit
NIFTY50,BHARTIARTL,BUY,2024-01-15,2024-01-15,12:00,13:30,2908.47,2961.7,50,2902.88,2974.33,0.19,2.26,Target hit
NIFTY50,BHARTIARTL,SELL,2024-01-15,2024-01-15,09:55,09:10,2728.34,2737.4,25,2715.78,2779.36,0.46,1.87,Stoploss hit
NIFTY50,TATAMOTORS,SELL,2024-01-15,2024-01-15,09:30,09:45,645.86,646.93,200,644.09,647.61,0.27,0.27,Stoploss hit
NIFTY50,LT,SELL,2024-01-15,2024-01-15,11:55,11:40,3798.1,3768.81,50,3756.74,3852.0,1.09,1.42,Target hit
NIFTY50,SBIN,BUY,2024-01-15,2024-01-15,09:35,10:50,2301.3,2306.08,25,2245.1,2340.46,2.44,1.7,Target hit
NIFTY50,KOTAKBANK,BUY,2024-01-15,2024-01-15,10:20,11:05,3635.35,3641.91,500,3546.21,3691.5,2.45,1.54,Target hit
NIFTY50,AXISBANK,BUY,2024-01-15,2024-01-15,09:35,10:20,653.07,650.26,50,650.93,659.62,0.33,1.0,Stoploss hit
NIFTY50,SBIN,BUY,2024-01-15,2024-01-15,12:10,13:25,3749.11,3766.89,25,3687.25,3778.59,1.65,0.79,Target hit
NIFTY50,AXISBANK,SELL,2024-01-15,2024-01-15,13:20,14:50,1382.84,1382.41,100,1357.28,1410.0,1.85,1.96,Target hit
NIFTY50,ITC,SELL,2024-01-15,2024-01-15,10:05,10:20,651.11,647.03,100,639.11,664.54,1.84,2.06,Target hit
NIFTY50,TATAMOTORS,SELL,2024-01-15,2024-01-15,11:20,11:35,3064.81,3028.34,200,3024.35,3089.76,1.32,0.81,Target hit
NIFTY50,ITC,SELL,2024-01-15,2024-01-15,10:45,11:00,1060.25,1053.27,200,1040.32,1083.74,1.88,2.22,Target hit
NIFTY50,BHARTIARTL,BUY,2024-01-15,2024-01-15,10:50,10:20,3579.36,3621.02,500,3512.01,3652.96,1.88,2.06,Target hit
NIFTY50,ITC,SELL,2024-01-15,2024-01-15,10:45,11:00,518.3,517.53,500,517.65,528.15,0.13,1.9,Target hit
NIFTY50,ITC,SELL,2024-01-15,2024-01-15,14:35,14:50,3146.93,3129.96,100,3134.36,3179.18,0.4,1.02,Target hit
NIFTY50,KOTAKBANK,BUY,2024-01-15,2024-01-15,13:45,14:15,1944.18,1962.83,200,1925.64,1983.18,0.95,2.01,Target hit
NIFTY50,RELIANCE,SELL,2024-01-15,2024-01-15,14:10,15:25,2183.41,2156.51,50,2150.83,2215.01,1.49,1.45,Target hit
NIFTY50,TCS,SELL,2024-01-15,2024-01-15,11:00,11:30,580.26,577.87,200,577.61,590.53,0.46,1.77,Target hit
NIFTY50,KOTAKBANK,SELL,2024-01-15,2024-01-15,11:15,12:00,3260.15,3244.51,200,3199.34,3281.87,1.87,0.67,Target hit
NIFTY50,LT,SELL,2024-01-15,2024-01-15,14:00,14:30,3067.66,3058.91,100,3017.75,3128.57,1.63,1.99,Target hit
NIFTY50,SBIN,SELL,2024-01-15,2024-01-15,09:45,10:00,3115.27,3109.67,500,3098.36,3145.47,0.54,0.97,Target hit
NIFTY50,INFY,SELL,2024-01-15,2024-01-15,14:45,14:00,1407.54,1405.69,25,1377.69,1415.23,2.12,0.55,Target hit
NIFTY50,ICICIBANK,BUY,2024-01-15,2024-01-15,14:45,15:15,2190.39,2210.36,25,2149.93,2218.68,1.85,1.29,Target hit
NIFTY50,SBIN,BUY,2024-01-15,2024-01-15,09:15,10:30,959.72,955.35,200,936.73,962.27,2.4,0.27,Stoploss hit
NIFTY50,KOTAKBANK,BUY,2024-01-15,2024-01-15,11:30,12:00,1415.97,1417.95,500,1406.07,1426.63,0.7,0.75,Target hit
NIFTY50,SBIN,BUY,2024-01-15,2024-01-15,11:15,12:45,2206.5,2224.36,50,2174.53,2227.02,1.45,0.93,Target hit
NIFTY50,RELIANCE,SELL,2024-01-15,2024-01-15,10:35,10:20,802.49,794.68,25,784.69,810.87,2.22,1.04,Target hit
NIFTY50,ICICIBANK,SELL,2024-01-15,2024-01-15,11:30,12:45,1397.86,1388.6,25,1377.49,1414.82,1.46,1.21,Target hit
NIFTY50,ICICIBANK,SELL,2024-01-15,2024-01-15,09:15,10:30,1723.27,1718.17,25,1712.23,1735.38,0.64,0.7,Target hit
NIFTY50,BHARTIARTL,BUY,2024-01-15,2024-01-15,10:50,10:35,3510.49,3537.22,50,3447.34,3559.79,1.8,1.4,Target hit
NIFTY50,RELIANCE,BUY,2024-01-15,2024-01-15,14:40,15:10,993.36,998.73,200,981.34,1004.17,1.21,1.09,Target hit
NIFTY50,LT,BUY,2024-01-15,2024-01-15,09:30,09:00,681.85,692.15,500,675.76,694.91,0.89,1.92,Target hit
NIFTY50,SBIN,BUY,2024-01-15,2024-01-15,13:40,14:10,1394.23,1393.39,100,1367.71,1414.29,1.9,1.44,Stoploss hit
NIFTY50,BHARTIARTL,BUY,2024-01-15,2024-01-15,11:25,11:10,1867.55,1870.1,100,1828.83,1886.47,2.07,1.01,Target hit
NIFTY50,ICICIBANK,SELL,2024-01-15,2024-01-15,10:35,11:50,1213.18,1210.87,50,1195.15,1232.87,1.49,1.62,Target hit
NIFTY50,KOTAKBANK,BUY,2024-01-15,2024-01-15,10:30,11:15,2452.37,2484.73,100,2428.55,2507.63,0.97,2.25,Target hit
NIFTY50,BHARTIARTL,BUY,2024-01-15,2024-01-15,13:55,14:40,2593.39,2616.02,25,2571.31,2645.69,0.85,2.02,Target hit
NIFTY50,TATAMOTORS,BUY,2024-01-15,2024-01-15,10:15,11:45,3038.15,3040.05,100,2963.67,3089.03,2.45,1.67,Target hit
NIFTY50,ICICIBANK,SELL,2024-01-15,2024-01-15,09:15,10:45,2345.9,2346.36,200,2339.08,2389.43,0.29,1.86,Stoploss hit
NIFTY50,SBIN,BUY,2024-01-15,2024-01-15,12:40,12:10,2985.85,2987.29,500,2923.99,3021.75,2.07,1.2,Target hit
NIFTY50,BHARTIARTL,BUY,2024-01-15,2024-01-15,12:45,13:00,3398.87,3395.82,50,3386.26,3409.38,0.37,0.31,Stoploss hit
NIFTY50,ITC,SELL,2024-01-15,2024-01-15,11:40,11:10,1169.41,1156.57,100,1147.53,1193.21,1.87,2.03,Target hit
NIFTY50,INFY,BUY,2024-01-15,2024-01-15,10:05,10:50,3087.53,3121.25,100,3071.49,3154.03,0.52,2.15,Target hit
NIFTY50,HDFCBANK,SELL,2024-01-15,2024-01-15,13:10,13:25,1254.35,1254.89,200,1240.81,1278.47,1.08,1.92,Stoploss hit
NIFTY50,AXISBANK,BUY,2024-01-15,2024-01-15,12:05,12:20,3325.89,3310.88,200,3252.78,3329.23,2.2,0.1,Stoploss hit
NIFTY50,ICICIBANK,BUY,2024-01-15,2024-01-15,14:50,15:05,1831.4,1837.9,50,1827.72,1865.75,0.2,1.88,Target hit
NIFTY50,SBIN,BUY,2024-01-15,2024-01-15,11:10,11:40,3504.2,3525.42,25,3441.88,3578.3,1.78,2.11,Target hit
NIFTY50,LT,SELL,2024-01-15,2024-01-15,11:15,12:45,2364.37,2358.12,25,2355.18,2370.61,0.39,0.26,Target hit
NIFTY50,ITC,BUY,2024-01-15,2024-01-15,09:50,09:35,2140.69,2150.32,200,2126.92,2180.35,0.64,1.85,Target hit
NIFTY50,BHARTIARTL,SELL,2024-01-15,2024-01-15,14:40,15:25,1656.43,1647.72,25,1629.88,1679.21,1.6,1.38,Target hit
NIFTY50,AXISBANK,SELL,2024-01-15,2024-01-15,10:20,10:35,3984.03,4007.49,500,3973.96,4067.51,0.25,2.1,Stoploss hit
NIFTY50,ITC,SELL,2024-01-15,2024-01-15,09:15,10:30,2842.2,2844.87,200,2837.64,2892.41,0.16,1.77,Stoploss hit
NIFTY50,SBIN,BUY,2024-01-15,2024-01-15,09:15,10:30,3208.58,3257.39,100,3192.23,3284.8,0.51,2.38,Target hit
NIFTY50,HDFCBANK,SELL,2024-01-15,2024-01-15,12:25,13:40,960.93,953.07,50,937.58,967.95,2.43,0.73,Target hit
NIFTY50,LT,SELL,2024-01-15,2024-01-15,14:25,15:40,2271.93,2262.25,100,2269.5,2276.37,0.11,0.2,Target hit
NIFTY50,AXISBANK,BUY,2024-01-15,2024-01-15,13:00,13:30,2076.63,2080.34,25,2044.11,2092.69,1.57,0.77,Target hit
NIFTY50,SBIN,SELL,2024-01-15,2024-01-15,11:15,12:30,673.24,671.54,100,667.09,686.88,0.91,2.03,Target hit
NIFTY50,SBIN,SELL,2024-01-15,2024-01-15,13:00,13:15,1889.55,1867.71,25,1882.5,1907.1,0.37,0.93,Target hit
NIFTY50,TATAMOTORS,BUY,2024-01-15,2024-01-15,11:50,11:35,2957.91,2947.42,500,2935.44,2988.87,0.76,1.05,Stoploss hit
NIFTY50,ICICIBANK,BUY,2024-01-15,2024-01-15,09:45,09:15,2861.13,2860.22,500,2808.73,2923.24,1.83,2.17,Stoploss hit
NIFTY50,TATAMOTORS,BUY,2024-01-15,2024-01-15,10:05,11:35,3550.59,3566.55,200,3478.84,3610.61,2.02,1.69,Target hit
NIFTY50,RELIANCE,BUY,2024-01-15,2024-01-15,09:30,10:15,780.63,781.43,100,767.74,793.52,1.65,1.65,Target hit
NIFTY50,LT,SELL,2024-01-15,2024-01-15,11:25,11:40,2257.54,2241.32,500,2246.92,2269.11,0.47,0.51,Target hit
NIFTY50,SBIN,SELL,2024-01-15,2024-01-15,10:00,10:30,3969.42,3940.82,500,3914.72,4016.15,1.38,1.18,Target hit
NIFTY50,KOTAKBANK,SELL,2024-01-15,2024-01-15,09:30,10:45,3328.08,3332.06,500,3319.37,3362.35,0.26,1.03,Stoploss hit
NIFTY50,TATAMOTORS,BUY,2024-01-15,2024-01-15,14:55,15:25,3516.1,3544.27,200,3480.16,3557.6,1.02,1.18,Target hit
NIFTY50,ITC,BUY,2024-01-15,2024-01-15,10:50,10:20,1616.03,1616.13,500,1587.05,1644.35,1.79,1.75,Target hit
NIFTY50,TATAMOTORS,BUY,2024-01-15,2024-01-15,09:15,09:30,3615.34,3617.91,100,3566.84,3651.83,1.34,1.01,Target hit
NIFTY50,LT,BUY,2024-01-15,2024-01-15,11:00,11:30,3271.02,3281.88,25,3201.25,3315.98,2.13,1.37,Target hit
NIFTY50,HDFCBANK,BUY,2024-01-15,2024-01-15,14:35,15:20,3902.09,3919.97,50,3848.37,3918.71,1.38,0.43,Target hit
NIFTY50,LT,BUY,2024-01-15,2024-01-15,11:45,11:15,3739.73,3727.48,50,3707.88,3756.67,0.85,0.45,Stoploss hit
NIFTY50,ICICIBANK,SELL,2024-01-15,2024-01-15,14:15,15:30,1598.88,1584.3,200,1559.52,1611.55,2.46,0.79,Target hit
NIFTY50,RELIANCE,BUY,2024-01-15,2024-01-15,12:20,12:35,1691.35,1702.0,100,1667.19,1715.04,1.43,1.4,Target hit
NIFTY50,INFY,BUY,2024-01-15,2024-01-15,11:45,11:00,1407.67,1413.52,200,1394.7,1418.21,0.92,0.75,Target hit
NIFTY50,LT,SELL,2024-01-15,2024-01-15,12:35,12:20,1715.47,1713.33,100,1707.56,1750.81,0.46,2.06,Target hit
NIFTY50,AXISBANK,BUY,2024-01-15,2024-01-15,10:10,10:55,1640.38,1635.57,25,1623.18,1643.57,1.05,0.19,Stoploss hit
NIFTY50,ICICIBANK,BUY,2024-01-15,2024-01-15,11:20,12:05,1297.12,1298.67,200,1284.82,1312.69,0.95,1.2,Target hit
NIFTY50,ITC,SELL,2024-01-15,2024-01-15,09:15,09:45,3804.15,3771.43,50,3710.78,3852.09,2.45,1.26,Target hit
NIFTY50,HDFCBANK,BUY,2024-01-15,2024-01-15,11:50,12:05,1211.28,1218.55,200,1199.54,1233.59,0.97,1.84,Target hit
NIFTY50,INFY,SELL,2024-01-15,2024-01-15,13:10,14:55,2569.92,2564.86,25,2560.61,2625.16,0.36,2.15,Target hit
NIFTY50,RELIANCE,SELL,2024-01-15,2024-01-15,11:25,11:10,3625.82,3626.82,50,3619.51,3713.98,0.17,2.43,Stoploss hit
NIFTY50,SBIN,SELL,2024-01-15,2024-01-15,14:45,15:15,3029.47,3029.47,25,2979.59,3092.11,1.65,2.07,Target hit
NIFTY50,BHARTIARTL,SELL,2024-01-15,2024-01-15,14:10,14:40,2350.02,2334.46,25,2309.5,2399.1,1.72,2.09,Target hit
NIFTY50,ICICIBANK,BUY,2024-01-15,2024-01-15,12:40,12:55,3779.82,3799.08,25,3699.3,3839.26,2.13,1.57,Target hit
NIFTY50,TCS,BUY,2024-01-15,2024-01-15,14:25,14:10,1926.4,1948.62,500,1899.09,1957.55,1.42,1.62,Target hit
NIFTY50,INFY,BUY,2024-01-15,2024-01-15,09:30,10:00,1548.48,1559.81,50,1537.93,1567.8,0.68,1.25,Target hit
NIFTY50,TCS,SELL,2024-01-15,2024-01-15,12:05,12:50,2833.99,2811.97,500,2776.51,2900.03,2.03,2.33,Target hit
NIFTY50,TATAMOTORS,BUY,2024-01-15,2024-01-15,09:20,09:35,1291.1,1295.48,25,1283.16,1305.29,0.62,1.1,Target hit
NIFTY50,SBIN,BUY,2024-01-15,2024-01-15,14:45,15:15,3019.27,3051.39,200,3011.05,3071.75,0.27,1.74,Target hit
NIFTY50,ICICIBANK,SELL,2024-01-15,2024-01-15,12:50,12:20,2433.75,2432.78,50,2407.87,2445.45,1.06,0.48,Target hit
NIFTY50,TCS,SELL,2024-01-15,2024-01-15,09:55,09:40,3026.03,3013.6,25,3015.54,3042.78,0.35,0.55,Target hit
NIFTY50,TATAMOTORS,SELL,2024-01-15,2024-01-15,14:20,15:35,2134.39,2131.73,25,2128.02,2184.21,0.3,2.33,Target hit
NIFTY50,RELIANCE,BUY,2024-01-15,2024-01-15,10:55,11:25,2477.45,2477.89,200,2421.94,2505.72,2.24,1.14,Target hit
NIFTY50,INFY,BUY,2024-01-15,2024-01-15,10:00,11:45,2904.57,2923.91,500,2842.81,2954.59,2.13,1.72,Target hit
NIFTY50,ICICIBANK,SELL,2024-01-15,2024-01-15,12:50,12:35,1139.83,1119.38,500,1112.86,1148.32,2.37,0.75,Target hit
NIFTY50,KOTAKBANK,BUY,2024-01-15,2024-01-15,12:40,12:25,2245.0,2256.48,100,2236.77,2281.43,0.37,1.62,Target hit
NIFTY50,AXISBANK,BUY,2024-01-15,2024-01-15,13:05,13:20,3506.35,3540.88,25,3467.85,3570.42,1.1,1.83,Target hit
NIFTY50,HDFCBANK,SELL,2024-01-15,2024-01-15,10:40,11:25,2627.13,2633.52,200,2616.58,2676.23,0.4,1.87,Stoploss hit
NIFTY50,AXISBANK,BUY,2024-01-15,2024-01-15,14:00,15:15,2996.22,2985.37,500,2972.56,3025.67,0.79,0.98,Stoploss hit
NIFTY50,KOTAKBANK,BUY,2024-01-15,2024-01-15,10:25,10:55,1826.83,1834.91,25,1806.87,1850.27,1.09,1.28,Target hit
NIFTY50,AXISBANK,SELL,2024-01-15,2024-01-15,11:40,12:10,534.73,530.91,25,527.54,543.96,1.35,1.73,Target hit
NIFTY50,BHARTIARTL,BUY,2024-01-15,2024-01-15,14:20,15:05,3499.95,3499.95,500,3464.32,3534.34,1.02,0.98,Target hit
NIFTY50,SBIN,BUY,2024-01-15,2024-01-15,09:15,09:45,1662.35,1684.58,500,1651.78,1689.62,0.64,1.64,Target hit
NIFTY50,HDFCBANK,BUY,2024-01-15,2024-01-15,11:40,12:25,3577.39,3614.55,500,3502.57,3633.01,2.09,1.55,Target hit
NIFTY50,SBIN,BUY,2024-01-15,2024-01-15,13:40,13:10,3648.09,3661.0,200,3591.62,3693.19,1.55,1.24,Target hit
NIFTY50,KOTAKBANK,SELL,2024-01-15,2024-01-15,12:05,12:50,1337.06,1335.6,25,1317.71,1363.32,1.45,1.96,Target hit
NIFTY50,LT,SELL,2024-01-15,2024-01-15,09:45,09:15,2669.07,2661.1,200,2646.21,2689.44,0.86,0.76,Target hit
NIFTY50,AXISBANK,SELL,2024-01-15,2024-01-15,12:25,13:55,3334.51,3324.67,25,3293.56,3409.08,1.23,2.24,Target hit
NIFTY50,TCS,SELL,2024-01-15,2024-01-15,12:15,12:00,3757.12,3742.94,500,3749.35,3798.36,0.21,1.1,Target hit
NIFTY50,KOTAKBANK,SELL,2024-01-15,2024-01-15,14:25,15:55,766.84,764.96,100,756.01,770.92,1.41,0.53,Target hit
NIFTY50,SBIN,BUY,2024-01-15,2024-01-15,11:55,11:10,1232.15,1235.09,25,1201.9,1256.84,2.45,2.0,Target hit
NIFTY50,HDFCBANK,SELL,2024-01-15,2024-01-15,11:45,12:00,3981.87,3968.11,50,3956.95,4029.71,0.63,1.2,Target hit
NIFTY50,INFY,BUY,2024-01-15,2024-01-15,10:45,11:30,1248.85,1246.04,50,1225.66,1260.74,1.86,0.95,Stoploss hit
NIFTY50,TCS,SELL,2024-01-15,2024-01-15,14:15,14:45,1065.85,1054.68,100,1048.4,1083.97,1.64,1.7,Target hit
NIFTY50,HDFCBANK,SELL,2024-01-15,2024-01-15,14:55,14:10,3200.69,3218.07,200,3196.8,3231.32,0.12,0.96,Stoploss hit
NIFTY50,BHARTIARTL,SELL,2024-01-15,2024-01-15,11:25,11:10,3051.02,3046.16,500,3045.83,3089.28,0.17,1.25,Target hit
NIFTY50,KOTAKBANK,SELL,2024-01-15,2024-01-15,11:05,11:20,1038.32,1046.01,500,1036.17,1058.33,0.21,1.93,Stoploss hit
NIFTY50,INFY,BUY,2024-01-15,2024-01-15,10:00,11:15,2055.28,2053.22,100,2040.84,2085.16,0.7,1.45,Stoploss hit
NIFTY50,TCS,SELL,2024-01-15,2024-01-15,10:45,10:30,1341.4,1333.55,500,1323.77,1349.85,1.31,0.63,Target hit
NIFTY50,ITC,SELL,2024-01-15,2024-01-15,11:35,11:50,2535.68,2531.21,100,2501.7,2584.39,1.34,1.92,Target hit
NIFTY50,AXISBANK,BUY,2024-01-15,2024-01-15,10:35,10:50,3663.15,3684.73,500,3592.4,3739.18,1.93,2.08,Target hit
NIFTY50,BHARTIARTL,BUY,2024-01-15,2024-01-15,14:55,15:10,1660.48,1670.8,100,1644.3,1673.9,0.97,0.81,Target hit
NIFTY50,ICICIBANK,BUY,2024-01-15,2024-01-15,11:35,11:50,832.69,840.49,50,817.33,848.98,1.84,1.96,Target hit
NIFTY50,ITC,BUY,2024-01-15,2024-01-15,12:30,12:45,658.91,660.66,25,652.06,668.22,1.04,1.41,Target hit
NIFTY50,ITC,SELL,2024-01-15,2024-01-15,14:20,14:50,714.66,713.2,100,710.5,718.86,0.58,0.59,Target hit
NIFTY50,SBIN,SELL,2024-01-15,2024-01-15,14:10,14:55,3883.96,3881.36,50,3841.3,3958.6,1.1,1.92,Target hit
NIFTY50,TCS,SELL,2024-01-15,2024-01-15,11:10,12:25,3363.09,3369.68,500,3329.79,3439.26,0.99,2.26,Stoploss hit
NIFTY50,BHARTIARTL,SELL,2024-01-15,2024-01-15,10:45,11:30,774.6,769.18,25,768.82,784.99,0.75,1.34,Target hit
NIFTY50,LT,SELL,2024-01-15,2024-01-15,09:15,10:00,2186.54,2176.59,25,2146.86,2228.55,1.81,1.92,Target hit
NIFTY50,INFY,BUY,2024-01-15,2024-01-15,10:35,10:20,3765.24,3780.3,50,3719.75,3852.23,1.21,2.31,Target hit
NIFTY50,TATAMOTORS,SELL,2024-01-15,2024-01-15,10:50,10:05,1706.11,1709.92,25,1698.59,1716.56,0.44,0.61,Stoploss hit
NIFTY50,RELIANCE,SELL,2024-01-15,2024-01-15,09:15,09:45,2467.25,2465.26,200,2455.13,2516.28,0.49,1.99,Target hit
NIFTY50,TCS,BUY,2024-01-15,2024-01-15,11:35,12:05,3237.6,3259.83,500,3186.5,3306.36,1.58,2.12,Target hit
NIFTY50,INFY,SELL,2024-01-15,2024-01-15,11:20,11:35,2370.02,2369.16,500,2326.78,2421.45,1.82,2.17,Target hit
NIFTY50,INFY,SELL,2024-01-15,2024-01-15,11:45,11:30,1293.55,1288.0,500,1282.63,1303.84,0.84,0.8,Target hit
NIFTY50,BHARTIARTL,BUY,2024-01-15,2024-01-15,11:05,12:50,2687.06,2687.62,200,2625.94,2690.53,2.27,0.13,Target hit
NIFTY50,RELIANCE,BUY,2024-01-15,2024-01-15,11:20,11:35,1506.71,1509.58,100,1471.4,1523.79,2.34,1.13,Target hit
NIFTY50,RELIANCE,BUY,2024-01-15,2024-01-15,11:25,11:10,2014.68,2031.43,200,2009.93,2034.78,0.24,1.0,Target hit
NIFTY50,RELIANCE,SELL,2024-01-15,2024-01-15,14:30,14:00,2850.18,2839.02,25,2806.21,2920.77,1.54,2.48,Target hit
NIFTY50,ITC,BUY,2024-01-15,2024-01-15,10:00,11:30,2075.41,2090.55,25,2046.05,2126.24,1.41,2.45,Target hit
NIFTY50,ICICIBANK,BUY,2024-01-15,2024-01-15,09:50,09:35,2537.64,2524.73,200,2519.01,2552.68,0.73,0.59,Stoploss hit
NIFTY50,BHARTIARTL,SELL,2024-01-15,2024-01-15,11:30,11:15,3889.88,3902.15,100,3878.93,3982.59,0.28,2.38,Stoploss hit
NIFTY50,ITC,BUY,2024-01-15,2024-01-15,12:10,12:40,2596.66,2609.17,25,2577.39,2600.19,0.74,0.14,Target hit
NIFTY50,LT,BUY,2024-01-15,2024-01-15,13:15,13:00,2591.84,2607.99,100,2582.66,2604.06,0.35,0.47,Target hit
NIFTY50,SBIN,SELL,2024-01-15,2024-01-15,14:15,15:45,523.39,520.28,25,514.32,529.04,1.73,1.08,Target hit
NIFTY50,ITC,BUY,2024-01-15,2024-01-15,12:40,12:10,3851.53,3873.59,25,3830.25,3917.55,0.55,1.71,Target hit
NIFTY50,KOTAKBANK,BUY,2024-01-15,2024-01-15,11:15,11:30,2017.54,2015.99,25,1971.24,2040.57,2.29,1.14,Stoploss hit
NIFTY50,LT,BUY,2024-01-15,2024-01-15,09:50,09:05,2563.09,2564.29,25,2545.64,2609.58,0.68,1.81,Target hit
NIFTY50,ICICIBANK,SELL,2024-01-15,2024-01-15,09:40,10:55,3085.53,3105.05,50,3076.73,3156.09,0.29,2.29,Stoploss hit
NIFTY50,RELIANCE,SELL,2024-01-15,2024-01-15,10:05,11:50,784.02,786.28,500,767.75,802.36,2.08,2.34,Stoploss hit
NIFTY50,BHARTIARTL,BUY,2024-01-15,2024-01-15,09:30,10:15,2658.74,2664.29,100,2622.81,2665.77,1.35,0.26,Target hit
NIFTY50,ITC,BUY,2024-01-15,2024-01-15,09:25,09:40,3528.18,3555.53,50,3521.68,3598.38,0.18,1.99,Target hit
NIFTY50,KOTAKBANK,BUY,2024-01-15,2024-01-15,10:35,11:05,2969.11,2984.42,25,2919.87,3038.8,1.66,2.35,Target hit
NIFTY50,HDFCBANK,SELL,2024-01-15,2024-01-15,11:25,12:10,1926.72,1939.47,50,1911.79,1961.61,0.77,1.81,Stoploss hit
NIFTY50,ITC,BUY,2024-01-15,2024-01-15,13:20,13:50,1058.22,1065.72,100,1033.23,1078.25,2.36,1.89,Target hit
NIFTY50,INFY,SELL,2024-01-15,2024-01-15,12:55,12:25,527.88,524.28,50,520.56,532.92,1.39,0.96,Target hit
NIFTY50,HDFCBANK,SELL,2024-01-15,2024-01-15,14:30,15:45,3398.41,3379.83,25,3368.36,3430.71,0.88,0.95,Target hit
NIFTY50,RELIANCE,BUY,2024-01-15,2024-01-15,11:10,11:40,1874.56,1886.48,25,1849.22,1912.18,1.35,2.01,Target hit
NIFTY50,AXISBANK,SELL,2024-01-15,2024-01-15,09:25,09:40,3119.25,3117.48,500,3081.75,3153.14,1.2,1.09,Target hit
NIFTY50,RELIANCE,SELL,2024-01-15,2024-01-15,13:25,14:55,3520.4,3494.49,25,3491.81,3569.66,0.81,1.4,Target hit
NIFTY50,LT,SELL,2024-01-15,2024-01-15,10:45,10:30,3585.82,3603.13,100,3563.1,3634.09,0.63,1.35,Stoploss hit
NIFTY50,SBIN,BUY,2024-01-15,2024-01-15,11:40,11:55,3859.52,3885.51,50,3815.93,3913.48,1.13,1.4,Target hit
NIFTY50,BHARTIARTL,SELL,2024-01-15,2024-01-15,10:05,10:20,1100.93,1098.21,25,1076.83,1118.71,2.19,1.62,Target hit
NIFTY50,ICICIBANK,BUY,2024-01-15,2024-01-15,10:00,10:15,1680.22,1694.1,50,1662.74,1718.02,1.04,2.25,Target hit
NIFTY50,RELIANCE,SELL,2024-01-15,2024-01-15,14:00,14:15,3217.71,3202.74,50,3162.5,3252.45,1.72,1.08,Target hit
NIFTY50,AXISBANK,SELL,2024-01-15,2024-01-15,09:35,10:50,3059.61,3050.66,25,3022.4,3126.86,1.22,2.2,Target hit
NIFTY50,INFY,BUY,2024-01-15,2024-01-15,14:10,14:40,1499.28,1504.92,25,1483.22,1518.21,1.07,1.26,Target hit
NIFTY50,BHARTIARTL,BUY,2024-01-15,2024-01-15,10:35,11:05,1483.09,1488.63,200,1467.74,1503.85,1.03,1.4,Target hit
NIFTY50,AXISBANK,BUY,2024-01-15,2024-01-15,10:05,10:20,3935.98,3918.94,100,3838.59,3961.78,2.47,0.66,Stoploss hit
NIFTY50,TATAMOTORS,BUY,2024-01-15,2024-01-15,12:50,13:35,2124.83,2119.53,100,2086.57,2127.39,1.8,0.12,Stoploss hit
NIFTY50,TCS,SELL,2024-01-15,2024-01-15,12:55,13:10,2193.96,2204.23,50,2186.31,2198.72,0.35,0.22,Stoploss hit
NIFTY50,ICICIBANK,BUY,2024-01-15,2024-01-15,10:15,10:00,1725.71,1745.06,500,1696.19,1753.13,1.71,1.59,Target hit
NIFTY50,LT,BUY,2024-01-15,2024-01-15,12:25,12:55,1182.41,1195.33,200,1155.46,1205.13,2.28,1.92,Target hit
NIFTY50,KOTAKBANK,SELL,2024-01-15,2024-01-15,10:55,11:10,2713.37,2683.35,100,2664.0,2733.73,1.82,0.75,Target hit
NIFTY50,ITC,BUY,2024-01-15,2024-01-15,14:55,15:40,1252.19,1248.95,50,1245.29,1255.76,0.55,0.28,Stoploss hit
NIFTY50,TATAMOTORS,SELL,2024-01-15,2024-01-15,14:25,14:10,3286.85,3254.64,500,3233.33,3349.16,1.63,1.9,Target hit
NIFTY50,RELIANCE,BUY,2024-01-15,2024-01-15,13:45,14:00,3390.71,3408.82,200,3334.04,3461.14,1.67,2.08,Target hit
NIFTY50,KOTAKBANK,SELL,2024-01-15,2024-01-15,12:35,12:50,1789.22,1773.54,500,1776.28,1792.45,0.72,0.18,Target hit
NIFTY50,INFY,SELL,2024-01-15,2024-01-15,14:05,15:35,2705.14,2674.68,500,2674.58,2720.9,1.13,0.58,Target hit
NIFTY50,SBIN,BUY,2024-01-15,2024-01-15,09:25,09:55,3118.02,3151.53,100,3107.8,3195.88,0.33,2.5,Target hit
NIFTY50,LT,SELL,2024-01-15,2024-01-15,13:50,13:35,3503.08,3487.41,100,3496.19,3541.16,0.2,1.09,Target hit
NIFTY50,AXISBANK,SELL,2024-01-15,2024-01-15,14:35,15:50,1312.06,1304.27,100,1286.75,1314.6,1.93,0.19,Target hit
NIFTY50,KOTAKBANK,SELL,2024-01-15,2024-01-15,13:45,13:00,2686.15,2679.87,500,2678.99,2729.99,0.27,1.63,Target hit
NIFTY50,LT,SELL,2024-01-15,2024-01-15,11:05,11:20,2493.2,2469.0,500,2452.82,2523.77,1.62,1.23,Target hit
NIFTY50,AXISBANK,BUY,2024-01-15,2024-01-15,10:15,11:30,3513.66,3535.24,50,3467.64,3597.22,1.31,2.38,Target hit
NIFTY50,BHARTIARTL,SELL,2024-01-15,2024-01-15,13:30,13:15,1085.75,1075.96,50,1066.5,1103.74,1.77,1.66,Target hit
NIFTY50,SBIN,BUY,2024-01-15,2024-01-15,12:00,12:30,2725.79,2736.93,200,2693.29,2772.2,1.19,1.7,Target hit
NIFTY50,TCS,SELL,2024-01-15,2024-01-15,11:55,12:25,2633.94,2621.34,200,2587.96,2694.11,1.75,2.28,Target hit
NIFTY50,BHARTIARTL,SELL,2024-01-15,2024-01-15,10:20,10:50,3585.65,3566.6,100,3526.77,3596.0,1.64,0.29,Target hit
NIFTY50,SBIN,SELL,2024-01-15,2024-01-15,10:00,11:45,732.85,727.34,500,716.58,745.17,2.22,1.68,Target hit
NIFTY50,LT,SELL,2024-01-15,2024-01-15,13:30,14:15,1188.29,1183.31,25,1183.53,1195.2,0.4,0.58,Target hit
NIFTY50,BHARTIARTL,SELL,2024-01-15,2024-01-15,14:15,15:00,3215.69,3217.64,25,3178.87,3249.47,1.14,1.05,Stoploss hit
NIFTY50,KOTAKBANK,SELL,2024-01-15,2024-01-15,11:05,12:50,797.86,801.69,50,793.03,803.05,0.61,0.65,Stoploss hit
NIFTY50,HDFCBANK,BUY,2024-01-15,2024-01-15,13:40,14:25,2354.58,2353.59,500,2307.12,2375.38,2.02,0.88,Stoploss hit
NIFTY50,BHARTIARTL,BUY,2024-01-15,2024-01-15,09:15,09:30,1397.62,1399.58,50,1394.12,1406.08,0.25,0.61,Target hit
NIFTY50,TATAMOTORS,SELL,2024-01-15,2024-01-15,14:20,15:50,2660.27,2637.48,100,2607.77,2682.31,1.97,0.83,Target hit
NIFTY50,AXISBANK,BUY,2024-01-15,2024-01-15,09:15,09:00,2207.42,2223.22,25,2188.98,2253.2,0.84,2.07,Target hit
NIFTY50,SBIN,SELL,2024-01-15,2024-01-15,11:55,12:10,2510.01,2496.38,500,2455.56,2531.42,2.17,0.85,Target hit
NIFTY50,RELIANCE,SELL,2024-01-15,2024-01-15,10:50,10:20,3791.47,3753.77,200,3744.83,3854.96,1.23,1.67,Target hit
NIFTY50,TATAMOTORS,BUY,2024-01-15,2024-01-15,12:50,12:20,3299.01,3324.6,25,3224.19,3372.77,2.27,2.24,Target hit
NIFTY50,ICICIBANK,BUY,2024-01-15,2024-01-15,12:45,13:30,3076.84,3104.41,100,3044.02,3151.56,1.07,2.43,Target hit
NIFTY50,SBIN,BUY,2024-01-15,2024-01-15,13:10,14:55,3491.46,3522.65,500,3472.65,3564.14,0.54,2.08,Target hit
NIFTY50,SBIN,SELL,2024-01-15,2024-01-15,09:25,10:10,2499.41,2472.23,500,2440.59,2555.54,2.35,2.25,Target hit
NIFTY50,ICICIBANK,BUY,2024-01-15,2024-01-15,09:20,10:05,2854.68,2860.62,500,2811.47,2909.03,1.51,1.9,Target hit
NIFTY50,KOTAKBANK,SELL,2024-01-15,2024-01-15,13:00,14:15,2695.65,2691.43,100,2657.09,2711.25,1.43,0.58,Target hit
NIFTY50,TATAMOTORS,BUY,2024-01-15,2024-01-15,10:50,10:35,1226.39,1233.08,500,1224.98,1250.36,0.12,1.95,Target hit
NIFTY50,TATAMOTORS,BUY,2024-01-15,2024-01-15,09:30,09:00,2004.95,2014.65,100,1983.8,2046.77,1.05,2.09,Target hit
NIFTY50,HDFCBANK,SELL,2024-01-15,2024-01-15,12:20,12:50,2139.16,2139.27,25,2108.72,2163.79,1.42,1.15,Stoploss hit
NIFTY50,AXISBANK,BUY,2024-01-15,2024-01-15,09:55,09:10,2071.64,2078.36,25,2064.02,2103.95,0.37,1.56,Target hit
NIFTY50,LT,SELL,2024-01-15,2024-01-15,11:30,11:15,1872.33,1862.41,500,1835.73,1884.85,1.95,0.67,Target hit
NIFTY50,ICICIBANK,SELL,2024-01-15,2024-01-15,14:25,15:55,3752.01,3738.69,100,3746.53,3830.22,0.15,2.08,Target hit
NIFTY50,INFY,BUY,2024-01-15,2024-01-15,11:05,11:50,605.36,608.04,100,595.5,614.65,1.63,1.53,Target hit
NIFTY50,BHARTIARTL,BUY,2024-01-15,2024-01-15,13:10,14:40,3468.38,3491.05,200,3441.82,3495.29,0.77,0.78,Target hit
NIFTY50,INFY,BUY,2024-01-15,2024-01-15,11:55,11:25,1689.9,1709.7,200,1674.28,1725.44,0.92,2.1,Target hit
NIFTY50,BHARTIARTL,SELL,2024-01-15,2024-01-15,14:55,14:10,2084.85,2091.99,500,2070.75,2122.47,0.68,1.8,Stoploss hit
NIFTY50,ITC,SELL,2024-01-15,2024-01-15,14:25,15:40,1162.88,1163.17,50,1140.75,1185.08,1.9,1.91,Stoploss hit
NIFTY50,INFY,SELL,2024-01-15,2024-01-15,10:50,11:05,3360.93,3372.86,50,3357.01,3381.42,0.12,0.61,Stoploss hit
NIFTY50,TATAMOTORS,SELL,2024-01-15,2024-01-15,12:30,13:15,3634.47,3608.65,50,3621.5,3676.49,0.36,1.16,Target hit
NIFTY50,INFY,BUY,2024-01-15,2024-01-15,09:15,10:30,2004.85,2009.91,50,1967.48,2032.43,1.86,1.38,Target hit
NIFTY50,HDFCBANK,SELL,2024-01-15,2024-01-15,09:45,09:15,2712.83,2710.64,200,2651.37,2737.94,2.27,0.93,Target hit
NIFTY50,LT,SELL,2024-01-15,2024-01-15,14:35,14:20,3373.43,3354.17,50,3336.8,3422.19,1.09,1.45,Target hit
NIFTY50,ICICIBANK,BUY,2024-01-15,2024-01-15,13:25,13:40,915.48,918.89,25,913.09,929.47,0.26,1.53,Target hit
NIFTY50,BHARTIARTL,BUY,2024-01-15,2024-01-15,12:55,13:40,2805.51,2825.6,200,2791.09,2846.56,0.51,1.46,Target hit
NIFTY50,KOTAKBANK,SELL,2024-01-15,2024-01-15,10:20,11:05,611.22,610.36,25,608.5,613.53,0.45,0.38,Target hit
NIFTY50,AXISBANK,BUY,2024-01-15,2024-01-15,13:00,13:15,1263.91,1268.45,100,1245.12,1276.07,1.49,0.96,Target hit
NIFTY50,BHARTIARTL,BUY,2024-01-15,2024-01-15,14:45,14:00,681.25,682.86,500,666.92,687.79,2.1,0.96,Target hit
NIFTY50,SBIN,SELL,2024-01-15,2024-01-15,13:25,13:10,1139.35,1133.38,25,1116.84,1148.03,1.98,0.76,Target hit
NIFTY50,TCS,BUY,2024-01-15,2024-01-15,12:25,13:10,2164.59,2182.5,25,2128.32,2217.2,1.68,2.43,Target hit
NIFTY50,ITC,SELL,2024-01-15,2024-01-15,12:30,12:15,739.58,730.3,200,725.11,741.1,1.96,0.21,Target hit
NIFTY50,HDFCBANK,SELL,2024-01-15,2024-01-15,12:35,13:50,3790.64,3766.1,50,3746.99,3876.24,1.15,2.26,Target hit
NIFTY50,RELIANCE,BUY,2024-01-15,2024-01-15,14:45,15:15,3125.1,3137.01,200,3101.12,3144.5,0.77,0.62,Target hit
NIFTY50,HDFCBANK,BUY,2024-01-15,2024-01-15,13:05,13:50,1088.71,1086.42,100,1081.58,1102.93,0.66,1.31,Stoploss hit
NIFTY50,ITC,BUY,2024-01-15,2024-01-15,12:10,12:40,3427.74,3432.32,50,3398.27,3454.68,0.86,0.79,Target hit
NIFTY50,ICICIBANK,SELL,2024-01-15,2024-01-15,10:50,11:05,1893.8,1884.18,50,1861.99,1896.06,1.68,0.12,Target hit
NIFTY50,AXISBANK,BUY,2024-01-15,2024-01-15,10:05,10:35,3702.71,3682.06,100,3653.32,3733.83,1.33,0.84,Stoploss hit
NIFTY50,INFY,SELL,2024-01-15,2024-01-15,12:15,12:30,2994.96,2988.53,100,2976.81,3059.57,0.61,2.16,Target hit
NIFTY50,SBIN,BUY,2024-01-15,2024-01-15,11:50,12:35,1837.88,1817.47,100,1792.04,1848.15,2.49,0.56,Stoploss hit
NIFTY50,ITC,BUY,2024-01-15,2024-01-15,13:20,13:05,729.92,726.47,500,721.88,733.46,1.1,0.48,Stoploss hit
NIFTY50,BHARTIARTL,BUY,2024-01-15,2024-01-15,14:45,14:15,3150.49,3137.08,100,3117.62,3161.22,1.04,0.34,Stoploss hit
NIFTY50,LT,BUY,2024-01-15,2024-01-15,13:30,13:45,3422.32,3455.86,200,3399.88,3497.06,0.66,2.18,Target hit
NIFTY50,ITC,BUY,2024-01-15,2024-01-15,11:00,11:30,677.18,676.98,50,662.56,689.74,2.16,1.85,Stoploss hit
NIFTY50,AXISBANK,BUY,2024-01-15,2024-01-15,14:05,15:50,2481.75,2483.78,200,2447.38,2517.95,1.38,1.46,Target hit
NIFTY50,AXISBANK,BUY,2024-01-15,2024-01-15,13:00,14:15,1071.68,1067.26,50,1068.35,1075.06,0.31,0.32,Stoploss hit
NIFTY50,TATAMOTORS,BUY,2024-01-15,2024-01-15,13:10,13:55,2223.87,2231.96,50,2193.37,2234.71,1.37,0.49,Target hit
NIFTY50,ICICIBANK,SELL,2024-01-15,2024-01-15,12:15,12:45,3160.56,3153.43,200,3131.11,3194.65,0.93,1.08,Target hit
NIFTY50,INFY,SELL,2024-01-15,2024-01-15,14:25,14:55,1177.02,1173.98,25,1166.32,1187.01,0.91,0.85,Target hit
NIFTY50,TATAMOTORS,BUY,2024-01-15,2024-01-15,12:40,13:55,2768.37,2768.67,100,2729.35,2778.15,1.41,0.35,Target hit
NIFTY50,ICICIBANK,BUY,2024-01-15,2024-01-15,12:05,12:35,622.29,623.79,200,615.03,630.45,1.17,1.31,Target hit
NIFTY50,INFY,BUY,2024-01-15,2024-01-15,11:40,11:55,1731.32,1741.93,50,1703.08,1773.98,1.63,2.46,Target hit
NIFTY50,TCS,SELL,2024-01-15,2024-01-15,14:30,14:15,2828.78,2800.9,500,2779.17,2887.5,1.75,2.08,Target hit
NIFTY50,HDFCBANK,SELL,2024-01-15,2024-01-15,12:00,12:45,2332.6,2304.69,50,2274.74,2351.4,2.48,0.81,Target hit
NIFTY50,KOTAKBANK,SELL,2024-01-15,2024-01-15,10:50,11:20,859.95,859.34,200,845.18,878.29,1.72,2.13,Target hit
NIFTY50,INFY,SELL,2024-01-15,2024-01-15,10:00,11:30,2579.85,2558.34,500,2541.64,2608.99,1.48,1.13,Target hit
NIFTY50,KOTAKBANK,SELL,2024-01-15,2024-01-15,13:35,13:05,1316.66,1316.73,500,1308.44,1319.88,0.62,0.24,Stoploss hit
NIFTY50,SBIN,BUY,2024-01-15,2024-01-15,11:40,12:10,2954.84,2960.82,50,2938.88,2999.93,0.54,1.53,Target hit
NIFTY50,ITC,SELL,2024-01-15,2024-01-15,12:30,13:00,3323.65,3317.96,100,3286.32,3370.7,1.12,1.42,Target hit
NIFTY50,TCS,SELL,2024-01-15,2024-01-15,13:55,13:10,3878.56,3860.87,50,3872.38,3916.21,0.16,0.97,Target hit
NIFTY50,KOTAKBANK,BUY,2024-01-15,2024-01-15,12:15,13:45,1001.49,1009.14,25,981.62,1026.39,1.98,2.49,Target hit
NIFTY50,RELIANCE,SELL,2024-01-15,2024-01-15,14:10,14:25,2650.7,2630.79,200,2630.75,2667.21,0.75,0.62,Target hit
NIFTY50,RELIANCE,SELL,2024-01-15,2024-01-15,14:55,14:10,2448.02,2426.06,500,2418.51,2479.79,1.21,1.3,Target hit
NIFTY50,LT,BUY,2024-01-15,2024-01-15,11:50,11:05,3051.29,3069.25,100,2996.09,3080.45,1.81,0.96,Target hit
NIFTY50,HDFCBANK,SELL,2024-01-15,2024-01-15,14:40,14:10,2300.61,2292.82,100,2261.53,2357.51,1.7,2.47,Target hit
NIFTY50,ITC,BUY,2024-01-15,2024-01-15,12:30,13:15,2180.17,2187.6,100,2134.57,2233.46,2.09,2.44,Target hit
NIFTY50,HDFCBANK,SELL,2024-01-15,2024-01-15,10:20,10:35,3343.66,3339.97,500,3308.0,3400.97,1.07,1.71,Target hit
NIFTY50,INFY,BUY,2024-01-15,2024-01-15,13:50,14:05,3084.77,3109.94,500,3062.68,3147.39,0.72,2.03,Target hit
NIFTY50,AXISBANK,SELL,2024-01-15,2024-01-15,13:25,13:10,1576.35,1576.29,50,1566.23,1598.78,0.64,1.42,Target hit
NIFTY50,INFY,BUY,2024-01-15,2024-01-15,12:40,13:25,2549.47,2558.56,100,2495.99,2611.71,2.1,2.44,Target hit
NIFTY50,KOTAKBANK,BUY,2024-01-15,2024-01-15,10:50,10:20,3763.91,3774.31,50,3737.35,3795.47,0.71,0.84,Target hit
NIFTY50,AXISBANK,SELL,2024-01-15,2024-01-15,11:15,12:00,3334.74,3347.53,50,3302.2,3389.37,0.98,1.64,Stoploss hit
NIFTY50,SBIN,SELL,2024-01-15,2024-01-15,13:20,14:35,1755.18,1749.27,25,1740.12,1759.33,0.86,0.24,Target hit
NIFTY50,SBIN,BUY,2024-01-15,2024-01-15,12:50,13:05,3882.92,3899.13,500,3816.03,3915.43,1.72,0.84,Target hit
NIFTY50,TATAMOTORS,BUY,2024-01-15,2024-01-15,09:45,09:15,2529.06,2506.98,100,2498.2,2536.25,1.22,0.28,Stoploss hit
NIFTY50,AXISBANK,SELL,2024-01-15,2024-01-15,14:15,14:30,2081.09,2100.05,500,2073.26,2127.29,0.38,2.22,Stoploss hit
NIFTY50,SBIN,SELL,2024-01-15,2024-01-15,09:45,09:15,715.06,717.83,50,712.02,719.17,0.42,0.57,Stoploss hit
NIFTY50,KOTAKBANK,BUY,2024-01-15,2024-01-15,10:25,10:40,2338.4,2353.31,100,2328.95,2362.73,0.4,1.04,Target hit
NIFTY50,SBIN,BUY,2024-01-15,2024-01-15,14:05,14:20,2433.28,2430.44,100,2397.15,2455.89,1.48,0.93,Stoploss hit
NIFTY50,HDFCBANK,BUY,2024-01-15,2024-01-15,11:40,12:55,777.48,785.14,25,774.03,781.08,0.44,0.46,Target hit
NIFTY50,TATAMOTORS,SELL,2024-01-15,2024-01-15,09:15,10:45,3142.97,3159.06,200,3116.06,3205.81,0.86,2.0,Stoploss hit
NIFTY50,HDFCBANK,SELL,2024-01-15,2024-01-15,13:00,13:30,1469.74,1447.28,100,1433.43,1482.7,2.47,0.88,Target hit
NIFTY50,ICICIBANK,BUY,2024-01-15,2024-01-15,14:40,15:55,3984.73,3991.55,100,3966.48,4063.88,0.46,1.99,Target hit
NIFTY50,TATAMOTORS,SELL,2024-01-15,2024-01-15,13:00,13:30,801.46,800.85,50,793.9,814.0,0.94,1.56,Target hit
NIFTY50,AXISBANK,SELL,2024-01-15,2024-01-15,12:50,12:20,3669.39,3656.84,200,3626.87,3690.62,1.16,0.58,Target hit
NIFTY50,RELIANCE,BUY,2024-01-15,2024-01-15,10:55,10:25,738.38,740.44,200,729.38,747.01,1.22,1.17,Target hit
NIFTY50,INFY,SELL,2024-01-15,2024-01-15,13:25,14:40,2500.63,2491.07,100,2461.86,2548.96,1.55,1.93,Target hit
NIFTY50,KOTAKBANK,BUY,2024-01-15,2024-01-15,13:50,13:35,1808.33,1808.52,500,1798.51,1818.92,0.54,0.59,Target hit
NIFTY50,INFY,SELL,2024-01-15,2024-01-15,10:15,10:00,1447.17,1445.85,500,1443.57,1451.09,0.25,0.27,Target hit
NIFTY50,INFY,SELL,2024-01-15,2024-01-15,13:20,13:05,2452.56,2446.11,500,2444.34,2457.6,0.34,0.21,Target hit
NIFTY50,AXISBANK,BUY,2024-01-15,2024-01-15,14:35,15:50,3810.9,3799.9,25,3800.03,3830.25,0.29,0.51,Stoploss hit
NIFTY50,AXISBANK,BUY,2024-01-15,2024-01-15,09:15,09:00,2314.97,2331.01,50,2257.67,2355.3,2.47,1.74,Target hit
NIFTY50,LT,BUY,2024-01-15,2024-01-15,11:35,11:20,2846.52,2838.15,200,2815.41,2893.98,1.09,1.67,Stoploss hit
NIFTY50,RELIANCE,BUY,2024-01-15,2024-01-15,11:45,12:15,3959.89,3940.7,25,3886.68,3993.82,1.85,0.86,Stoploss hit
NIFTY50,HDFCBANK,BUY,2024-01-15,2024-01-15,10:45,10:00,3291.3,3309.44,500,3250.48,3367.45,1.24,2.31,Target hit
NIFTY50,TCS,SELL,2024-01-15,2024-01-15,11:10,11:25,2766.1,2758.16,25,2717.71,2832.71,1.75,2.41,Target hit
NIFTY50,INFY,SELL,2024-01-15,2024-01-15,14:10,15:55,2642.97,2623.57,25,2623.03,2692.01,0.75,1.86,Target hit
NIFTY50,INFY,BUY,2024-01-15,2024-01-15,14:00,14:30,737.91,746.07,200,721.4,750.2,2.24,1.67,Target hit
NIFTY50,SBIN,BUY,2024-01-15,2024-01-15,11:55,11:25,2714.81,2732.04,500,2711.37,2765.1,0.13,1.85,Target hit
NIFTY50,KOTAKBANK,SELL,2024-01-15,2024-01-15,09:25,09:10,3970.36,3978.4,100,3902.63,4020.44,1.71,1.26,Stoploss hit
NIFTY50,TCS,SELL,2024-01-15,2024-01-15,09:30,09:15,1065.1,1063.55,100,1049.46,1071.54,1.47,0.6,Target hit
NIFTY50,BHARTIARTL,BUY,2024-01-15,2024-01-15,12:50,13:35,2155.6,2168.4,500,2117.49,2187.11,1.77,1.46,Target hit
NIFTY50,RELIANCE,BUY,2024-01-15,2024-01-15,13:55,13:10,1414.67,1424.14,25,1407.05,1426.91,0.54,0.87,Target hit
NIFTY50,SBIN,SELL,2024-01-15,2024-01-15,14:50,15:20,1349.02,1341.15,50,1317.19,1356.02,2.36,0.52,Target hit
NIFTY50,RELIANCE,BUY,2024-01-15,2024-01-15,11:00,12:15,938.81,947.37,100,937.37,959.17,0.15,2.17,Target hit
NIFTY50,TCS,SELL,2024-01-15,2024-01-15,11:30,11:45,2589.31,2592.06,50,2540.12,2648.64,1.9,2.29,Stoploss hit
NIFTY50,AXISBANK,SELL,2024-01-15,2024-01-15,09:25,09:55,1846.56,1848.4,100,1841.73,1885.26,0.26,2.1,Stoploss hit
NIFTY50,TATAMOTORS,SELL,2024-01-15,2024-01-15,09:15,10:30,3204.35,3158.61,25,3138.71,3208.62,2.05,0.13,Target hit
NIFTY50,KOTAKBANK,SELL,2024-01-15,2024-01-15,11:40,12:55,570.48,566.13,50,563.63,578.78,1.2,1.46,Target hit
